[
{
    "model": "cruises.ship",
    "pk": 1,
    "fields": {
        "name": "Cross-platform responsive moderator",
        "tonnage": 4000
    }
},
{
    "model": "cruises.ship",
    "pk": 2,
    "fields": {
        "name": "Public-key modular flexibility",
        "tonnage": 6200
    }
},
{
    "model": "cruises.ship",
    "pk": 3,
    "fields": {
        "name": "Virtual intangible productivity",
        "tonnage": 6000
    }
},
{
    "model": "cruises.ship",
    "pk": 4,
    "fields": {
        "name": "Realigned radical intranet",
        "tonnage": 8500
    }
},
{
    "model": "cruises.ship",
    "pk": 5,
    "fields": {
        "name": "Fundamental needs-based standardization",
        "tonnage": 9600
    }
},
{
    "model": "cruises.cabin",
    "pk": 1,
    "fields": {
        "ship_id": 1,
        "name": "Lisa",
        "beds": 2,
        "deck": 1
    }
},
{
    "model": "cruises.cabin",
    "pk": 2,
    "fields": {
        "ship_id": 1,
        "name": "Shawn",
        "beds": 1,
        "deck": 2
    }
},
{
    "model": "cruises.cabin",
    "pk": 3,
    "fields": {
        "ship_id": 1,
        "name": "Michael",
        "beds": 2,
        "deck": 3
    }
},
{
    "model": "cruises.cabin",
    "pk": 4,
    "fields": {
        "ship_id": 1,
        "name": "Kathy",
        "beds": 1,
        "deck": 1
    }
},
{
    "model": "cruises.cabin",
    "pk": 5,
    "fields": {
        "ship_id": 1,
        "name": "Jennifer",
        "beds": 3,
        "deck": 2
    }
},
{
    "model": "cruises.cabin",
    "pk": 6,
    "fields": {
        "ship_id": 1,
        "name": "Christina",
        "beds": 1,
        "deck": 2
    }
},
{
    "model": "cruises.cabin",
    "pk": 7,
    "fields": {
        "ship_id": 1,
        "name": "Judith",
        "beds": 3,
        "deck": 1
    }
},
{
    "model": "cruises.cabin",
    "pk": 8,
    "fields": {
        "ship_id": 1,
        "name": "Alejandra",
        "beds": 1,
        "deck": 1
    }
},
{
    "model": "cruises.cabin",
    "pk": 9,
    "fields": {
        "ship_id": 1,
        "name": "Alisha",
        "beds": 1,
        "deck": 3
    }
},
{
    "model": "cruises.cabin",
    "pk": 10,
    "fields": {
        "ship_id": 1,
        "name": "Jeffrey",
        "beds": 3,
        "deck": 2
    }
},
{
    "model": "cruises.cabin",
    "pk": 11,
    "fields": {
        "ship_id": 2,
        "name": "Nancy",
        "beds": 2,
        "deck": 3
    }
},
{
    "model": "cruises.cabin",
    "pk": 12,
    "fields": {
        "ship_id": 2,
        "name": "Patrick",
        "beds": 1,
        "deck": 2
    }
},
{
    "model": "cruises.cabin",
    "pk": 13,
    "fields": {
        "ship_id": 2,
        "name": "Joseph",
        "beds": 1,
        "deck": 1
    }
},
{
    "model": "cruises.cabin",
    "pk": 14,
    "fields": {
        "ship_id": 2,
        "name": "Lisa",
        "beds": 1,
        "deck": 1
    }
},
{
    "model": "cruises.cabin",
    "pk": 15,
    "fields": {
        "ship_id": 2,
        "name": "Ronnie",
        "beds": 3,
        "deck": 3
    }
},
{
    "model": "cruises.cabin",
    "pk": 16,
    "fields": {
        "ship_id": 2,
        "name": "Rhonda",
        "beds": 2,
        "deck": 1
    }
},
{
    "model": "cruises.cabin",
    "pk": 17,
    "fields": {
        "ship_id": 2,
        "name": "Michael",
        "beds": 1,
        "deck": 3
    }
},
{
    "model": "cruises.cabin",
    "pk": 18,
    "fields": {
        "ship_id": 2,
        "name": "Teresa",
        "beds": 2,
        "deck": 2
    }
},
{
    "model": "cruises.cabin",
    "pk": 19,
    "fields": {
        "ship_id": 2,
        "name": "Courtney",
        "beds": 3,
        "deck": 1
    }
},
{
    "model": "cruises.cabin",
    "pk": 20,
    "fields": {
        "ship_id": 2,
        "name": "Teresa",
        "beds": 1,
        "deck": 1
    }
},
{
    "model": "cruises.cabin",
    "pk": 21,
    "fields": {
        "ship_id": 3,
        "name": "Mathew",
        "beds": 2,
        "deck": 2
    }
},
{
    "model": "cruises.cabin",
    "pk": 22,
    "fields": {
        "ship_id": 3,
        "name": "Alicia",
        "beds": 1,
        "deck": 1
    }
},
{
    "model": "cruises.cabin",
    "pk": 23,
    "fields": {
        "ship_id": 3,
        "name": "Martin",
        "beds": 2,
        "deck": 1
    }
},
{
    "model": "cruises.cabin",
    "pk": 24,
    "fields": {
        "ship_id": 3,
        "name": "Stephen",
        "beds": 3,
        "deck": 2
    }
},
{
    "model": "cruises.cabin",
    "pk": 25,
    "fields": {
        "ship_id": 3,
        "name": "Brian",
        "beds": 1,
        "deck": 3
    }
},
{
    "model": "cruises.cabin",
    "pk": 26,
    "fields": {
        "ship_id": 3,
        "name": "Billy",
        "beds": 2,
        "deck": 3
    }
},
{
    "model": "cruises.cabin",
    "pk": 27,
    "fields": {
        "ship_id": 3,
        "name": "Nathan",
        "beds": 2,
        "deck": 3
    }
},
{
    "model": "cruises.cabin",
    "pk": 28,
    "fields": {
        "ship_id": 3,
        "name": "Charles",
        "beds": 1,
        "deck": 3
    }
},
{
    "model": "cruises.cabin",
    "pk": 29,
    "fields": {
        "ship_id": 3,
        "name": "Susan",
        "beds": 3,
        "deck": 1
    }
},
{
    "model": "cruises.cabin",
    "pk": 30,
    "fields": {
        "ship_id": 3,
        "name": "Tiffany",
        "beds": 2,
        "deck": 3
    }
},
{
    "model": "cruises.cabin",
    "pk": 31,
    "fields": {
        "ship_id": 4,
        "name": "Diana",
        "beds": 3,
        "deck": 3
    }
},
{
    "model": "cruises.cabin",
    "pk": 32,
    "fields": {
        "ship_id": 4,
        "name": "Jessica",
        "beds": 1,
        "deck": 3
    }
},
{
    "model": "cruises.cabin",
    "pk": 33,
    "fields": {
        "ship_id": 4,
        "name": "Jeffrey",
        "beds": 2,
        "deck": 3
    }
},
{
    "model": "cruises.cabin",
    "pk": 34,
    "fields": {
        "ship_id": 4,
        "name": "Chad",
        "beds": 3,
        "deck": 3
    }
},
{
    "model": "cruises.cabin",
    "pk": 35,
    "fields": {
        "ship_id": 4,
        "name": "Dakota",
        "beds": 1,
        "deck": 1
    }
},
{
    "model": "cruises.cabin",
    "pk": 36,
    "fields": {
        "ship_id": 4,
        "name": "Teresa",
        "beds": 1,
        "deck": 2
    }
},
{
    "model": "cruises.cabin",
    "pk": 37,
    "fields": {
        "ship_id": 4,
        "name": "Joshua",
        "beds": 2,
        "deck": 2
    }
},
{
    "model": "cruises.cabin",
    "pk": 38,
    "fields": {
        "ship_id": 4,
        "name": "Natasha",
        "beds": 1,
        "deck": 2
    }
},
{
    "model": "cruises.cabin",
    "pk": 39,
    "fields": {
        "ship_id": 4,
        "name": "Candice",
        "beds": 3,
        "deck": 3
    }
},
{
    "model": "cruises.cabin",
    "pk": 40,
    "fields": {
        "ship_id": 4,
        "name": "Sierra",
        "beds": 2,
        "deck": 3
    }
},
{
    "model": "cruises.cabin",
    "pk": 41,
    "fields": {
        "ship_id": 5,
        "name": "Natalie",
        "beds": 2,
        "deck": 1
    }
},
{
    "model": "cruises.cabin",
    "pk": 42,
    "fields": {
        "ship_id": 5,
        "name": "Richard",
        "beds": 2,
        "deck": 1
    }
},
{
    "model": "cruises.cabin",
    "pk": 43,
    "fields": {
        "ship_id": 5,
        "name": "Douglas",
        "beds": 2,
        "deck": 2
    }
},
{
    "model": "cruises.cabin",
    "pk": 44,
    "fields": {
        "ship_id": 5,
        "name": "Kelly",
        "beds": 3,
        "deck": 2
    }
},
{
    "model": "cruises.cabin",
    "pk": 45,
    "fields": {
        "ship_id": 5,
        "name": "Steven",
        "beds": 3,
        "deck": 1
    }
},
{
    "model": "cruises.cabin",
    "pk": 46,
    "fields": {
        "ship_id": 5,
        "name": "Jonathan",
        "beds": 3,
        "deck": 1
    }
},
{
    "model": "cruises.cabin",
    "pk": 47,
    "fields": {
        "ship_id": 5,
        "name": "Kim",
        "beds": 1,
        "deck": 1
    }
},
{
    "model": "cruises.cabin",
    "pk": 48,
    "fields": {
        "ship_id": 5,
        "name": "Makayla",
        "beds": 3,
        "deck": 2
    }
},
{
    "model": "cruises.cabin",
    "pk": 49,
    "fields": {
        "ship_id": 5,
        "name": "Alyssa",
        "beds": 2,
        "deck": 3
    }
},
{
    "model": "cruises.cabin",
    "pk": 50,
    "fields": {
        "ship_id": 5,
        "name": "Tyler",
        "beds": 3,
        "deck": 1
    }
},
{
    "model": "cruises.cruise",
    "pk": 1,
    "fields": {
        "ship_id": 1,
        "name": "Lopez-Martin"
    }
},
{
    "model": "cruises.cruise",
    "pk": 2,
    "fields": {
        "ship_id": 2,
        "name": "Li-Silva"
    }
},
{
    "model": "cruises.cruise",
    "pk": 3,
    "fields": {
        "ship_id": 3,
        "name": "Mccarty LLC"
    }
},
{
    "model": "cruises.cruise",
    "pk": 4,
    "fields": {
        "ship_id": 4,
        "name": "Cross-Johnson"
    }
},
{
    "model": "cruises.cruise",
    "pk": 5,
    "fields": {
        "ship_id": 5,
        "name": "Davenport-Ponce"
    }
}
]
